Japan,Asia
Brazil,SAmerica
USA,USA
England,Europe
Canada,Canada
Belgium,Europe
Iceland,Europe
France,Europe
Guangdong,China
Shandong,China
Australia,Australia
Austria,Europe
Shanghai,China
Portugal,Europe
Spain,Europe
China,China
Luxembourg,Europe
Fujian,China
Czech Republic,Europe
Singapore,Asia
Hungary,Europe
Germany,Europe
South Korea,Asia
Italy,Europe
Wuhan,China
Hong Kong,China
Wales,Europe
Switzerland,Europe
Netherlands,Europe
Algeria,Africa
Saudi Arabia,Asia
New Zealand,Australia
Beijing,China
India,Asia
Mexico,USA
Finland,Europe
Slovakia,Europe
Greece,Europe
Colombia,SAmerica
Malaysia,Asia
Scotland,Europe
Pakistan,Asia
Vietnam,Asia
Nepal,Asia
Jiangsu,China
Shenzhen,China
South Africa,Africa
Ireland,Europe
Sweden,Europe
Chile,SAmerica
Kuwait,Asia
Hangzhou,China
Georgia,Europe
Zhejiang,China
Israel,Asia
Foshan,China
Guangzhou,China
Tianmen,China
Congo,Africa
Poland,Europe
Taiwan,Asia
NetherlandsL,Europe
NewZealand,Australia
Peru,SAmerica
Senegal,Africa
Hefei,China
Panama,USA
Norway,Europe
Denmark,Europe
Chongqing,China
Yunnan,China
Jiangxi,China
Sichuan,China
Nonthaburi,Asia
Nigeria,Africa
Belarus,Europe
Latvia,Europe
Cambodia,Asia
Lithuania,Europe
Wuhan-Hu-1,China
Northern Ireland,Europe
Anhui,China
Russia,Asia
Henan,China
Jingzhou,China
NanChang,China
Turkey,Asia
Ecuador,SAmerica
Pingxiang,China
Kanagawa,Asia
Jiujiang,China
Shangrao,China
Korea,Asia
Estonia,Europe
Slovenia,Europe
Argentina,SAmerica
DRC,Africa
Nanchang,China
Ganzhou,China
Xinyu,China
Jian,China
Ghana,Africa
